pair_id,annotator,choice_left_or_right,confidence_1_to_3
LOW_HIGH_20,annotatorA,left,3
LOW_HIGH_18,annotatorA,right,3
LOW_MID_04,annotatorA,right,2
LOW_HIGH_02,annotatorA,left,2
MID_HIGH_05,annotatorA,left,1
LOW_HIGH_29,annotatorA,left,3
LOW_MID_02,annotatorA,left,1
LOW_MID_06,annotatorA,left,3
MID_HIGH_09,annotatorA,right,2
LOW_HIGH_01,annotatorA,left,3
LOW_HIGH_08,annotatorA,right,3
MID_HIGH_16,annotatorA,right,2
LOW_MID_05,annotatorA,right,3
MID_HIGH_11,annotatorA,left,2
MID_HIGH_10,annotatorA,right,3
MID_HIGH_14,annotatorA,right,3
MID_HIGH_03,annotatorA,right,3
LOW_HIGH_09,annotatorA,right,3
LOW_HIGH_06,annotatorA,right,2
LOW_MID_01,annotatorA,left,2
MID_HIGH_00,annotatorA,right,3
MID_HIGH_19,annotatorA,left,3
MID_HIGH_18,annotatorA,right,3
LOW_HIGH_03,annotatorA,left,3
LOW_HIGH_21,annotatorA,left,3
LOW_MID_07,annotatorA,left,3
LOW_HIGH_00,annotatorA,left,3
MID_HIGH_17,annotatorA,right,3
MID_HIGH_12,annotatorA,right,2
LOW_HIGH_16,annotatorA,left,1
LOW_MID_00,annotatorA,left,2
LOW_MID_08,annotatorA,right,2
MID_HIGH_07,annotatorA,left,2
MID_HIGH_06,annotatorA,left,3
LOW_HIGH_10,annotatorA,left,3
LOW_HIGH_26,annotatorA,right,3
MID_HIGH_02,annotatorA,left,3
MID_HIGH_01,annotatorA,left,2
LOW_HIGH_25,annotatorA,left,3
MID_HIGH_08,annotatorA,right,2
LOW_HIGH_23,annotatorA,left,3
LOW_MID_09,annotatorA,left,3
LOW_HIGH_13,annotatorA,left,3
MID_HIGH_15,annotatorA,left,2
LOW_HIGH_07,annotatorA,left,3
LOW_HIGH_27,annotatorA,left,3
LOW_HIGH_11,annotatorA,right,3
LOW_HIGH_17,annotatorA,right,2
LOW_HIGH_15,annotatorA,left,3
LOW_MID_03,annotatorA,left,3
LOW_HIGH_19,annotatorA,left,3
LOW_HIGH_28,annotatorA,right,3
LOW_HIGH_12,annotatorA,right,3
MID_HIGH_13,annotatorA,right,3
LOW_HIGH_04,annotatorA,right,3
MID_HIGH_04,annotatorA,left,3
LOW_HIGH_24,annotatorA,left,3
LOW_HIGH_22,annotatorA,left,2
LOW_HIGH_14,annotatorA,left,3
LOW_HIGH_05,annotatorA,right,2
